Tag,Stunden,Tätigkeit
17.08.2026,0.5,Erste Brainstorming-Session (Projekt Outline)
19.08.2026,1.0,Research Tech Stack; Kostenanalyse; Timeline; Dokumentation; Meilensteinplan
23.08.2026,2.0,Erstes Aufsetzen des Backends; Datenbankstruktur entwerfen; API Endpoints definieren
31.08.2026,2.0,Frontend-Design; UI/UX Überlegungen; GitHub Deployment; CI/CD Pipeline einrichten
05.09.2026,0.5,Email-Integration implementieren
06.09.2026,1.0,Audio-Recording; Test Coverage erhöhen
08.09.2026,1.0,Unit Tests schreiben; Integrationstests durchführen
16.09.2026,1.5,KI-Extraktion implementieren; Validierung entwickeln; Fehlerbehandlung verbessern
17.09.2026,2.0,Gesamte Pipeline testen; Performance-Optimierungen durchführen; Logging implementieren
18.09.2026,2.0,Pipeline-Automatisierung; Testumgebung einrichten; Dokumentation aktualisieren
20.09.2026,1.0,Testversion des Systems veröffentlichen; Sicherheitslogin implementieren; Bugfixes durchführen